config,optimizer,lr,wd,batch_size,train_acc,val_acc,test_acc
1,Adam,0.0008,0.0001,64,0.7760296159185562,0.714902807775378,0.7001078748651565
2,Adam,0.001,0.0001,64,0.8359555761221656,0.7624190064794817,0.7238403451995685
3,Adam,0.0005,0.0001,64,0.7135585377140213,0.67170626349892,0.6526429341963322
4,RMSprop,0.0008,0.0,64,0.8396575659416936,0.7548596112311015,0.7432578209277239
5,RMSprop,0.0005,0.0,64,0.8012494215640907,0.734341252699784,0.7184466019417476
